"Estimate","Std. Error","z value","Pr(>|z|)"
"(Intercept)",-2.03310672524422,0.119209194354688,-17.0549489596838,3.21153293426491e-65
"sloc",0.00880784930282043,0.000566764475987235,15.5405810984858,1.84304645021444e-54
"ClassDataShouldBePrivate",-35.1338566561541,67108863.9999999,-5.23535261394891e-07,0.999999582279298
"ComplexClass",-1.9366800985077,0.409540076875593,-4.72891472132046,2.25723162016111e-06
"LongParameterList",-35.4647318629893,14756164.201069,-2.4033841979354e-06,0.999998082376855
"(Intercept)",-2.09454956986356,0.119474034884794,-17.5314207131557,8.24825489806423e-69
"sloc",0.00905802373549091,0.000556938503610147,16.2639567506567,1.77870881983616e-59
"ComplexClass",-2.11068913589745,0.399072719509257,-5.28898376840437,1.22997804383622e-07
