"Estimate","Std. Error","z value","Pr(>|z|)"
"(Intercept)",-0.906688148127968,0.075490297131465,-12.0106580922444,3.12349471456116e-33
"sloc",0.00782786489842505,0.000399954256606976,19.5719004588999,2.68480778783618e-85
"ComplexClass",-2.6465693074033,0.412605725459003,-6.41428158675968,1.41488477048458e-10
"LongParameterList",1.72478156645783,0.0856990986742296,20.126017579418,4.36713895088996e-90
"ComplexClass:LongParameterList",-0.892758350935451,0.425497499076923,-2.09815181727791,0.035891736386014
