round, Attr, sigAttr,Residual.deviance, df.residual, null.deviance, df.null, AIC, iter, theta, std.err, 2loglik
1,4,0,132.213564088427,235,135.534607994701,239,454.218285075505,1,32831.9542680661,320149.148182078,-442.218285075505 
