round, Attr, sigAttr,Residual.deviance, df.residual, null.deviance, df.null, AIC, iter, theta, std.err, 2loglik
1,7,0,3.25047006013284,2628,4.39927416251557,2635,37.888068012033,13,0.000489767751627948,0.000630049701920658,-19.888068012033 
