round, Attr, sigAttr,Residual.deviance, df.residual, null.deviance, df.null, AIC, iter, theta, std.err, 2loglik
1,5,0,119.529665682086,1130,123.049889694697,1135,161.574241463483,1,313.738734881375,6814.00275968468,-147.574241463483 
