round, Attr, sigAttr,Residual.deviance, df.residual, null.deviance, df.null, AIC, iter, theta, std.err, 2loglik
1,5,0,38.6348469059317,598,40.1108859107164,603,60.6623824605679,1,144.933779681691,7085.41212556291,-46.6623824605679 
