round, Attr, sigAttr,Residual.deviance, df.residual, null.deviance, df.null, AIC, iter, theta, std.err, 2loglik
1,4,0,24.1869306741374,152,26.6452744525239,156,153.438294048655,1,0.0214469358907845,0.00806312821609099,-141.438294048655 
