"Estimate","Std. Error","z value","Pr(>|z|)"
"(Intercept)",-2.6267277656089,0.334569820397052,-7.85106009409823,4.12535217124468e-15
"sloc",0.0311813521308631,0.00555730343455251,5.61087809907826,2.0130253345357e-08
"ClassDataShouldBePrivate",0.748852836299511,1.38005457593086,0.542625523193098,0.587387662140431
"ComplexClass",-7.04436462356471,2.51496072013395,-2.80098395460805,0.00509470521128604
"LongParameterList",-0.5990934864244,0.796736630121595,-0.751934157129149,0.452090655756515
"(Intercept)",-2.55866144063284,0.321374584071716,-7.9616172760627,1.69805013289479e-15
"sloc",0.0275852840935605,0.00515441914443339,5.35177355984946,8.70963450585148e-08
"ComplexClass",-6.22808457024504,2.25262589751672,-2.7648108712196,0.00569558077958553
