round, Attr, sigAttr,Residual.deviance, df.residual, null.deviance, df.null, AIC, iter, theta, std.err, 2loglik
1,9,2,942.033471206385,2049,993.734805762398,2058,1412.11973694325,1,2596.29423946582,12654.4665718817,-1390.11973694325 
2,2,2,946.623749305748,2056,993.734300633317,2058,1402.71058184996,1,2579.34469572968,12758.6189397837,-1394.71058184996 
