round, Attr, sigAttr,Residual.deviance, df.residual, null.deviance, df.null, AIC, iter, theta, std.err, 2loglik
1,5,0,167.386408082376,1206,170.364694228094,1211,185.72607505646,1,3997.39202406246,NaN,-171.72607505646 
