round, Attr, sigAttr,Residual.deviance, df.residual, null.deviance, df.null, AIC, iter, theta, std.err, 2loglik
1,4,1,97.5584638293034,2288,101.316687859364,2292,714.17955453234,1,0.00438480178650886,0.000794811130953389,-702.17955453234 
2,1,1,97.4420932584566,2291,99.6457888948473,2292,709.676131172493,1,0.00429535036078131,0.000775151526981868,-703.676131172493 
