"Estimate","Std. Error","z value","Pr(>|z|)"
"(Intercept)",-5.12112863576595,0.585515182343115,-8.74636352770943,2.20338472774668e-18
"sloc",0.00321955457388683,0.00170621811830478,1.88695368976953,0.0591665547433967
"AntiSingleton",-15.4040748837803,10988.235415302,-0.00140186975447658,0.99888147013301
"ComplexClass",1.3554579330152,1.25308588429303,1.08169595556487,0.279387650879869
"LongParameterList",-15.5932068669664,8959.82082597215,-0.00174034806831916,0.998611403846831
"ComplexClass:LongParameterList",-2.13685912888043,11100.9677659682,-0.000192493048707998,0.999846412769323
