"Estimate","Std. Error","z value","Pr(>|z|)"
"(Intercept)",-2.64350529370758,0.286426728726074,-9.22925491438934,2.72520924411356e-20
"sloc",0.0170343933870918,0.0042202638870193,4.03633370877263,5.42929763000675e-05
"AntiSingleton",-36.0748336953346,18989558.1576882,-1.89971948771906e-06,0.999998484243151
"ClassDataShouldBePrivate",-34.6258537918329,33554432,-1.03193085765341e-06,0.999999176638301
"ComplexClass",-36.1665684840958,22246307.9092407,-1.62573352089013e-06,0.999998702852324
"LongParameterList",-35.2995926035557,13532865.8451298,-2.60843438540842e-06,0.999997918770476
"ComplexClass:LongParameterList",32.170371483835,43605639.9274667,7.37757123558947e-07,0.999999411354981
"(Intercept)",-2.39885856074892,0.240065261702078,-9.99252679767515,1.64338247443593e-23
"sloc",0.00441176202764789,0.00290282223395116,1.51981818798557,0.128556676633675
