"Estimate","Std. Error","z value","Pr(>|z|)"
"(Intercept)",-3.90037199936758,0.315799887395935,-12.3507707096725,4.82469924879855e-35
"sloc",0.0153956807465972,0.00143020044948147,10.7647013760757,5.05250879272512e-27
"ClassDataShouldBePrivate",-29.7791097542015,6214681.72984685,-4.79173528890198e-06,0.999996176748394
"ComplexClass",-35.1441329274124,5823744.45515703,-6.03462827018305e-06,0.999995185063273
"LongParameterList",2.90800443892092,0.272203642894005,10.6831944201911,1.21999881465737e-26
"(Intercept)",-2.88448951135654,0.2044551584534,-14.1081767424028,3.38209482707144e-45
"sloc",0.00536134827685614,0.00100308074200339,5.34488207414715,9.04759381144773e-08
"LongParameterList",2.33162836724242,0.274542901594442,8.4927650786132,2.01777903013375e-17
