round, Attr, sigAttr,Residual.deviance, df.residual, null.deviance, df.null, AIC, iter, theta, std.err, 2loglik
1,5,0,167.473454686633,1206,170.365566475822,1211,185.813048988377,1,4096.86926667045,NaN,-171.813048988377 
