round, Attr, sigAttr,Residual.deviance, df.residual, null.deviance, df.null, AIC, iter, theta, std.err, 2loglik
1,5,1,604.66139452316,265,813.114754641088,270,640.88047311746,1,33035.928577742,NaN,-626.88047311746 
2,1,1,764.049451226608,269,813.118769688763,270,792.268380209454,1,34830.4831374847,NaN,-786.268380209454 
