"Estimate","Std. Error","z value","Pr(>|z|)"
"(Intercept)",-1.46734002895056,0.710137874521013,-2.06627484830362,0.0388025349204877
"sloc",0.00683793296385269,0.0106976680291145,0.639198463183071,0.522693831755223
"ClassDataShouldBePrivate",1.85646989697488,3.72485449243545,0.498400649138121,0.61820167933726
"ComplexClass",-37.2935603486162,22613765.5326552,-1.64915304772055e-06,0.999998684166245
"LongParameterList",2.11614063840959,2.18095317433424,0.970282472504511,0.33190571149826
