"Estimate","Std. Error","z value","Pr(>|z|)"
"(Intercept)",1.88144638787179,0.118596502347835,15.8642653925294,1.12020516283565e-56
"sloc",0.0144497822937312,0.00169123914766478,8.54390244790811,1.29763594111181e-17
"ClassDataShouldBePrivate",-1.41938497692471,1.69889013167419,-0.835477792507963,0.403448745552167
"ComplexClass",0.632805434621768,0.536462681540249,1.17958891903703,0.238163752251806
"LongParameterList",0.710504309829505,0.230485855758724,3.08263735963595,0.0020517501600855
"ComplexClass:LongParameterList",-1.40847043994288,0.741814317041281,-1.89868327907252,0.0576061313425116
"(Intercept)",1.92068735446912,0.116510444022213,16.4851088723251,4.69448348021211e-61
"sloc",0.0141575789189747,0.00155024192137045,9.13249649864912,6.69375499963119e-20
"LongParameterList",0.602067071600669,0.218479859143478,2.75570972061679,0.00585649463546321
