round, Attr, sigAttr,Residual.deviance, df.residual, null.deviance, df.null, AIC, iter, theta, std.err, 2loglik
1,4,2,121.461789950767,654,128.858746143186,658,728.322785530346,1,0.023256341363847,0.00382371052571592,-716.322785530346 
2,2,1,121.411244692525,656,127.779189681891,658,725.282856390465,1,0.0230079819832048,0.00380373063399767,-717.282856390465 
3,1,1,121.037157280234,657,124.917260303172,658,725.629988032207,1,0.0223530880822933,0.00368620826212164,-719.629988032207 
