round, Attr, sigAttr,Residual.deviance, df.residual, null.deviance, df.null, AIC, iter, theta, std.err, 2loglik
1,3,3,2574.70377680267,415,3656.05520986318,418,2730.49870822928,1,46201.6300815591,NaN,-2720.49870822928 
