round, Attr, sigAttr,Residual.deviance, df.residual, null.deviance, df.null, AIC, iter, theta, std.err, 2loglik
1,4,2,800.578738459486,504,949.781718132053,508,831.010557554138,1,24084.1140292324,NaN,-819.010557554138 
2,2,1,835.296786129573,506,949.796643355171,508,861.72832172364,1,26140.015058437,NaN,-853.72832172364 
3,1,1,837.595703547051,507,949.784517565939,508,862.027469474997,1,24444.7389037523,NaN,-856.027469474997 
