round, Attr, sigAttr,Residual.deviance, df.residual, null.deviance, df.null, AIC, iter, theta, std.err, 2loglik
1,5,0,32.9508834140479,415,34.2407313726188,420,264.729550681432,1,0.00739440662044669,0.00220489659736504,-250.729550681432 
