"Estimate","Std. Error","z value","Pr(>|z|)"
"(Intercept)",-3.70478718669974,0.794229651061765,-4.66462965937748,3.09173339351651e-06
"sloc",0.00351334001319459,0.00873593520836174,0.402171024555189,0.68755816511273
"AntiSingleton",-57.5812866704101,47453132.8121266,-1.21343488318005e-06,0.999999031819041
"ComplexClass",0.383297425214257,3.13025461997715,0.122449280249622,0.902543212119312
"LongParameterList",-57.7827182082646,38745320.6954107,-1.49134701097232e-06,0.999998810077245
"ComplexClass:LongParameterList",-1.05973124498064,49009384.8284627,-2.16230268690332e-08,0.999999982747321
