"Estimate","Std. Error","z value","Pr(>|z|)"
"(Intercept)",1.92584044458069,0.118116488660543,16.3045859762679,9.15572118343337e-60
"sloc",0.0139036859491215,0.00169668150995868,8.19463515545716,2.51354396345788e-16
"ClassDataShouldBePrivate",-0.930224443022628,1.67096866268241,-0.556697718992131,0.577733975654013
"ComplexClass",0.169151176120819,0.406112203806204,0.416513403279892,0.677034361624293
"LongParameterList",0.601367675588376,0.220914224930209,2.72217724222312,0.00648533490616236
"(Intercept)",1.92068735446912,0.116510444022213,16.4851088723251,4.69448348021211e-61
"sloc",0.0141575789189747,0.00155024192137045,9.13249649864912,6.69375499963119e-20
"LongParameterList",0.602067071600669,0.218479859143478,2.75570972061679,0.00585649463546321
