round, Attr, sigAttr,Residual.deviance, df.residual, null.deviance, df.null, AIC, iter, theta, std.err, 2loglik
1,5,0,251.935170129536,653,260.98194528986,658,367.962961993293,1,1834.73613454053,21194.956563714,-353.962961993293 
