round, Attr, sigAttr,Residual.deviance, df.residual, null.deviance, df.null, AIC, iter, theta, std.err, 2loglik
1,5,1,86.7318492883599,650,101.923932879606,655,126.759971317912,1,461.937845685699,5233.49760428388,-112.759971317912 
2,1,1,94.1160980638566,654,101.917372538666,655,126.15091328343,1,373.066729731228,5784.80568561692,-120.15091328343 
