"Estimate","Std. Error","z value","Pr(>|z|)"
"(Intercept)",1.88657667597806,0.0926889427932937,20.3538482490336,4.29219603318637e-92
"sloc",0.00246575564597137,0.000184123696150021,13.3918430790261,6.74850401603059e-41
"ClassDataShouldBePrivate",-0.474541483045546,0.41553776793457,-1.14199362768938,0.253456668444138
"ComplexClass",1.04112365040636,0.333001889732709,3.12647970629248,0.00176912714031412
"LongParameterList",0.333190923909332,0.294628534298983,1.13088477564504,0.258103591948178
"(Intercept)",1.90961335406776,0.0883095149434651,21.6240951531698,1.06587084675538e-103
"sloc",0.00241714973992363,0.000184442077354879,13.1051968975218,3.07463262529585e-39
"ComplexClass",1.04272634395603,0.330117382825444,3.15865324943339,0.00158499951524671
