round, Attr, sigAttr,Residual.deviance, df.residual, null.deviance, df.null, AIC, iter, theta, std.err, 2loglik
1,15,1,91.9411467666302,231,112.169275331832,246,562.253058985492,1,0.0577783315403304,0.0108464012682752,-528.253058985492 
2,1,1,3085.76386188772,245,3369.90552994891,246,3261.58205432375,1,69363.1919629546,NaN,-3255.58205432375 
