"Estimate","Std. Error","z value","Pr(>|z|)"
"(Intercept)",-5.04116583386176,0.708770348387914,-7.11255182348951,1.1391673886676e-12
"sloc",0.0148116397793859,0.00445386978845237,3.32556641368104,0.00088239075547931
"ClassDataShouldBePrivate",-32.5060831488107,38745320.6954099,-8.38967972528916e-07,0.999999330600408
"ComplexClass",-38.4699694234735,6738646.74457766,-5.70885681972109e-06,0.999995444991284
"LongParameterList",0.638052370274844,1.14586756258708,0.556829070921846,0.577644219542913
"ComplexClass:LongParameterList",3.29663907661461,67446341.5413962,4.88779524770999e-08,0.999999961001036
"(Intercept)",-4.3088347904288,0.519737891726409,-8.29039956297237,1.12868666159993e-16
"sloc",0.0041777537032477,0.00213518831911097,1.95662071858242,0.0503920772710475
