"Estimate","Std. Error","z value","Pr(>|z|)"
"(Intercept)",0.403964087397364,0.289530826392742,1.3952368817868,0.162944418548578
"sloc",0.0155839735975164,0.0034365005689597,4.53483806703806,5.76476969788697e-06
"ComplexClass",-4.73016901768536,1.27202398885108,-3.71861620468159,0.000200317136646941
"LongParameterList",-0.122406755637753,0.663118443195551,-0.184592597135253,0.853548592790096
"(Intercept)",0.392370891789637,0.287250573035585,1.36595338224453,0.171953595873811
"sloc",0.015567315362829,0.00338190170547723,4.60312472642733,4.1619880220417e-06
"ComplexClass",-4.786753451737,1.2615302925627,-3.79440230643458,0.000147999539235376
