round, Attr, sigAttr,Residual.deviance, df.residual, null.deviance, df.null, AIC, iter, theta, std.err, 2loglik
1,3,0,58.9562033382508,123,66.2871015301097,126,100.960832744575,1,3455.83336971284,61922.414773237,-90.9608327445749 
