round, Attr, sigAttr,Residual.deviance, df.residual, null.deviance, df.null, AIC, iter, theta, std.err, 2loglik
1,4,0,231.198854057005,333,232.2680084139,337,407.211478899742,1,6494.79594873232,63583.9631056557,-395.211478899742 
