"Estimate","Std. Error","z value","Pr(>|z|)"
"(Intercept)",0.383748235373859,0.306414340512636,1.25238340585445,0.210430190021154
"sloc",0.0108699155343974,0.00343935272616562,3.16045384112602,0.00157523562251786
"ClassDataShouldBePrivate",-38.0687266727548,67108864.0000002,-5.67268232595246e-07,0.999999547385435
"ComplexClass",0.584306795422393,1.19074549636316,0.490706701983769,0.623633905642988
"LongParameterList",0.0695817721152911,0.684849112821787,0.101601609482406,0.919072901880241
"ComplexClass:LongParameterList",-2.86881979789954,2.00910848726709,-1.42790686320871,0.153318667917531
"(Intercept)",0.498529162233493,0.291351626650109,1.71109105504391,0.0870643051718564
"sloc",0.00933959929098474,0.00281965297833663,3.31232224771659,0.000925249021803256
