"Estimate","Std. Error","z value","Pr(>|z|)"
"(Intercept)",-1.37289301562124,0.382724307006171,-3.58715919132648,0.000334300245994071
"sloc",0.0110367464361031,0.0034843427385165,3.16752606283562,0.00153741928676751
"ClassDataShouldBePrivate",-28.755609622018,503160.021310522,-5.71500286273174e-05,0.999954400874534
"ComplexClass",-2.78088976663141,1.96795047240263,-1.41308930566544,0.157629467275
"LongParameterList",-1.92801013618375,1.73281097103608,-1.11264885115019,0.265859271009795
"ComplexClass:LongParameterList",-0.38513540495224,3.23803063175548,-0.118941248169552,0.905321902381456
"(Intercept)",-1.19740734953473,0.380468439576893,-3.14719231604685,0.00164846498521102
"sloc",0.00734392913160918,0.00278011838762055,2.64158863317138,0.00825182130272376
