round, Attr, sigAttr,Residual.deviance, df.residual, null.deviance, df.null, AIC, iter, theta, std.err, 2loglik
1,5,5,43148.9277647883,913,45677.2322185428,918,44559.8318277113,1,187865.826160111,NaN,-44545.8318277113 
