round, Attr, sigAttr,Residual.deviance, df.residual, null.deviance, df.null, AIC, iter, theta, std.err, 2loglik
1,11,0,14.7843277191819,2624,15.6981438213143,2635,42.8402412995331,1,17.5544927667296,1768.13331968705,-16.8402412995331 
